{"great": [0.5682557965917351, 0.17693766992299975, 0.18993643512543756, -0.2780914082047977, -0.8753156815199818, -0.14616440151329246, 0.23939092249734445, -0.31070291720579224, 0.6199832095634386, 0.16617984462002244], "cool": [0.5641256072125874, 0.13722982658305433, 0.20823648035171752, -0.29296957234563625, -0.8704480862547579, -0.18822962799771012, 0.2423961604715868, -0.2941009195992254, 0.6979644655991714, 0.21475297647656116], "brilliant": [0.5918855018013451, 0.1039778692777016, 0.1812540983279816, -0.3249417806914038, -0.8565376508947541, -0.17966721391513174, 0.26035098164719006, -0.3289324465724493, 0.6604228461904658, 0.2415822562502479], "wonderful": [0.5336813277875317, 0.15884523607312176, 0.2651843805368252, -0.3438927762710058, -0.8491692008120085, -0.18613217422541942, 0.2672408530040501, -0.3180910305972477, 0.6581041757437849, 0.20044434983351087], "well": [0.5893339401809649, 0.17311813201184942, 0.2690965641747974, -0.30740190098292824, -0.8500390052604693, -0.18871896996247886, 0.2710112190336243, -0.3002421502644919, 0.5689872204434447, 0.15369399612858062], "amazing": [0.5902038867844644, 0.1490229197596597, 0.213159697056537, -0.31422646036679047, -0.9096476218964348, -0.1747190782083154, 0.2744097761939362, -0.287800961424763, 0.6262885326051713, 0.21474172972714714], "worth": [0.5130535106477783, 0.12034173054704313, 0.1958738363180416, -0.3164369139624043, -0.8606295772705053, -0.1510116288673397, 0.22113241716100865, -0.2697235895062943, 0.6690196658223426, 0.16036078186161518], "sweet": [0.5503643010832926, 0.17143189756236132, 0.19039362530118092, -0.3224209551731599, -0.8138360944646922, -0.18346270853248328, 0.2327193885980578, -0.26260530004152427, 0.6257203568118471, 0.2487194300767544], "enjoyable": [0.5738392051934844, 0.12461914284456149, 0.17510717277873974, -0.3302460528016359, -0.7874929465033426, -0.1706734911250474, 0.24587717337924964, -0.2837594997695822, 0.6546620471931933, 0.23489164232336923], "boring": [0.5240450095785573, 0.1570328224773457, 0.18486578812352428, -0.29901300482242454, -0.8831747584261092, -0.18115865274114745, 0.22235910278043783, -0.31756882268031367, 0.5988034434028017, 0.17092555144264812], "bad": [0.5360316771649709, 0.08934057914047368, 0.22010265910609395, -0.3095846861526971, -0.8809548868530367, -0.14538972298245995, 0.2171043713079689, -0.23807251098545668, 0.6330703998035977, 0.24369857228293246], "dumb": [0.5707119169157071, 0.1380145076776178, 0.2641854971871884, -0.2713492816853864, -0.8090819545573588, -0.11288020342381057, 0.28726901979309005, -0.3204195674908729, 0.6057968690648794, 0.17957977344555884], "annoying": [0.5804388073936805, 0.10213080454123973, 0.1751046716523363, -0.33017420063789404, -0.8168968873432683, -0.20307898062832577, 0.2158054190212603, -0.2610116632102946, 0.6339996308459204, 0.20636140785935564], "female": [0.6029723815239836, 0.16789318536724748, 0.22520087305967568, -0.28873306487925615, -0.914615719505456, -0.22069970363834449, 0.22384549781071936, -0.2716921472488912, 0.6634932978039563, 0.2320323110106518], "male": [0.6188443180311554, 0.17591224836567168, 0.22018040161594696, -0.3645633008007947, -0.9461854369906789, -0.13322604657914652, 0.2991505531133827, -0.3486196050483816, 0.7441098161765463, 0.19775997097206288], "queen": [0.5765894647154783, 0.13192743667861653, 0.2580232704526749, -0.32980320826986503, -0.8289942700272942, -0.1927432991368759, 0.23709843256162166, -0.24203150503481516, 0.5713084097409642, 0.14298922537605843], "king": [0.5560732564209726, 0.17646154128213576, 0.2831234234495478, -0.33671288553906037, -0.9461014688342689, -0.1264839506585948, 0.30612181315592174, -0.3318819712244176, 0.6792991341085514, 0.19131773485838044], "man": [0.6051631423709491, 0.17830144563644137, 0.2278462192328591, -0.2961178922019527, -0.9034636471542417, -0.14556650433904572, 0.20202598684749773, -0.2637285354241915, 0.6768741056545704, 0.21429225917611797], "woman": [0.5439297636260639, 0.10716810158149413, 0.193381391486681, -0.3063888846272402, -0.9005115497465598, -0.19854245727352382, 0.28882419764825346, -0.3169369428802768, 0.6655769452543199, 0.2486405293598407], "rain": [0.6298504912050583, 0.1230163538085278, 0.2205274318821631, -0.30417388056281774, -0.850625738714621, -0.17339694916358048, 0.2241052592074406, -0.3446052500693223, 0.7252580609208235, 0.2424684465932567], "snow": [0.571658674146897, 0.16715752620553287, 0.2811586315804148, -0.2976175714836574, -0.9075508328669515, -0.18167262677197632, 0.23397083517042516, -0.2998148033711087, 0.7592476519212542, 0.2640055409419275], "hail": [0.42533821691139195, 0.13804553783748322, 0.2117743056507608, -0.19519807837970898, -0.6816567081869009, -0.10307706377540067, 0.150719901731784, -0.21654019661044369, 0.5309049787787798, 0.11659360626879128], "coffee": [0.5362156564666705, 0.18498536534428112, 0.24044513781837568, -0.2515479584853181, -0.7585156275603341, -0.1498086220250574, 0.2525722902250097, -0.24267753083317817, 0.6620631212565934, 0.22504608361898631], "tea": [0.5401340524210243, 0.17011330010004375, 0.16738954188749103, -0.3114928291060685, -0.7716667733777048, -0.17544733406998533, 0.2649609258706589, -0.251973520598973, 0.6384983316665088, 0.20143552944512613]}